用户ID,性别,注册日期
231625,男性,2017/6/1
231626,男性,2017/6/2
231627,,2017/6/3
231628,,2017/6/4
231629,,2017/6/5
231630,,2017/6/6
231631,,2017/6/7
231632,,2017/6/8
231633,,2017/6/9
231634,,2017/6/10
231635,,2017/6/11
231636,,2017/6/12
231637,,2017/6/13
231638,,2017/6/14
231639,,2017/6/15
231640,,2017/6/16
231641,,2017/6/17
231642,,2017/6/18
231643,,2017/6/19
231644,,2017/6/20
231645,,2017/6/21
231646,,2017/6/22
231647,,2017/6/23
231648,,2017/6/24
231649,男性,2017/6/25
231650,男性,2017/6/26
231651,男性,2017/6/27
231652,男性,2017/6/28
231653,男性,2017/6/29
231654,男性,2017/6/30
231655,男性,2017/7/1
231656,男性,2017/7/2
231657,男性,2017/7/3
231658,男性,2017/7/4
231659,男性,2017/7/5
231660,男性,2017/7/6
231661,男性,2017/7/7
231662,男性,2017/7/8
231663,男性,2017/7/9
231664,男性,2017/7/10
231665,男性,2017/7/11
231666,男性,2017/7/12
231667,男性,2017/7/13
231668,男性,2017/7/14
231669,男性,2017/7/15
231670,男性,2017/7/16
231671,男性,2017/7/17
231672,男性,2017/7/18
231673,男性,2017/7/19
231674,男性,2017/7/20
231675,男性,2017/7/21
231676,男性,2017/7/22
231677,男性,2017/7/23
231678,男性,2017/7/24
231679,男性,2017/7/25
231680,男性,2017/7/26
231681,男性,2017/7/27
231682,男性,2017/7/28
231683,男性,2017/7/29
231684,男性,2017/7/30
231685,男性,2017/7/31
231686,男性,2017/8/1
231687,男性,2017/8/2
231688,男性,2017/8/3
231689,男性,2017/8/4
231690,男性,2017/8/5
231691,男性,2017/8/6
231692,男性,2017/8/7
231693,男性,2017/8/8
231694,男性,2017/8/9
231695,男性,2017/8/10
231696,男性,2017/8/11
231697,男性,2017/8/12
231698,男性,2017/8/13
231699,男性,2017/8/14
231700,男性,2017/8/15
231701,男性,2017/8/16
231702,男性,2017/8/17
231703,男性,2017/8/18
231704,男性,2017/8/19
231705,男性,2017/8/20
231706,男性,2017/8/21
231707,男性,2017/8/22
231708,男性,2017/8/23
231709,男性,2017/8/24
231710,男性,2017/8/25
231711,男性,2017/8/26
231712,男性,2017/8/27
231713,男性,2017/8/28
231714,男性,2017/8/29
231715,男性,2017/8/30
231716,男性,2017/8/31
231717,男性,2017/9/1
231718,男性,2017/9/2
231719,男性,2017/9/3
231720,男性,2017/9/4
231721,男性,2017/9/5
231722,男性,2017/9/6
231723,男性,2017/9/7
231724,男性,2017/9/8
231725,男性,2017/9/9
231726,男性,2017/9/10
231727,男性,2017/9/11
231728,男性,2017/9/12
231729,男性,2017/9/13
231730,男性,2017/9/14
231731,男性,2017/9/15
231732,男性,2017/9/16
231733,男性,2017/9/17
231734,男性,2017/9/18
231735,男性,2017/9/19
231736,男性,2017/9/20
231737,男性,2017/9/21
231738,男性,2017/9/22
231739,男性,2017/9/23
231740,男性,2017/9/24
231741,男性,2017/9/25
231742,男性,2017/9/26
231743,男性,2017/9/27
231744,男性,2017/9/28
231745,男性,2017/9/29
231746,男性,2017/9/30
231748,男性,2017/10/1
231750,男性,2017/10/2
231751,男性,2017/10/3
231752,男性,2017/10/4
231753,男性,2017/10/5
231754,男性,2017/10/6
231755,男性,2017/10/7
231756,男性,2017/10/8
231757,男性,2017/10/9
231758,男性,2017/10/10
231759,男性,2017/10/11
231760,男性,2017/10/12
231761,男性,2017/10/13
231762,男性,2017/10/14
231763,男性,2017/10/15
231764,男性,2017/10/16
231765,男性,2017/10/17
231766,男性,2017/10/18
231767,男性,2017/10/19
231768,男性,2017/10/20
231769,男性,2017/10/21
231770,男性,2017/10/22
231771,男性,2017/10/23
231772,男性,2017/10/24
231773,男性,2017/10/25
231774,男性,2017/10/26
231775,男性,2017/10/27
231776,男性,2017/10/28
231777,男性,2017/10/29
231778,男性,2017/10/30
231779,男性,2017/10/31
231780,男性,2017/11/1
231781,男性,2017/11/2
231782,男性,2017/11/3
231783,男性,2017/11/4
231784,男性,2017/11/5
231785,男性,2017/11/6
231786,男性,2017/11/7
231787,男性,2017/11/8
231788,男性,2017/11/9
231789,男性,2017/11/10
231790,男性,2017/11/11
231791,男性,2017/6/1
231792,男性,2017/6/2
231793,男性,2017/6/3
231794,男性,2017/6/4
231795,男性,2017/6/5
231796,男性,2017/6/6
231797,男性,2017/6/7
231798,男性,2017/6/8
231799,男性,2017/6/9
231800,男性,2017/6/10
231801,男性,2017/6/11
231802,男性,2017/6/12
231803,男性,2017/6/13
231804,男性,2017/6/14
231805,男性,2017/6/15
231806,男性,2017/6/16
231807,男性,2017/6/17
231808,男性,2017/6/18
231809,男性,2017/6/19
231810,男性,2017/6/20
231811,男性,2017/6/21
231812,男性,2017/6/22
231813,男性,2017/6/23
231814,男性,2017/6/24
231815,男性,2017/6/25
231816,男性,2017/6/26
231817,男性,2017/6/27
231818,男性,2017/6/28
231819,男性,2017/6/29
231820,男性,2017/6/30
231821,男性,2017/7/1
231822,男性,2017/7/2
231823,男性,2017/7/3
231824,男性,2017/7/4
231825,男性,2017/7/5
231826,男性,2017/7/6
231827,男性,2017/7/7
231828,男性,2017/7/8
231829,男性,2017/7/9
231830,男性,2017/7/10
231831,男性,2017/7/11
231832,男性,2017/7/12
231833,男性,2017/7/13
231834,男性,2017/7/14
231835,男性,2017/7/15
231836,男性,2017/7/16
231837,男性,2017/7/17
231838,男性,2017/7/18
231839,男性,2017/7/19
231840,男性,2017/7/20
231841,男性,2017/7/21
231842,男性,2017/7/22
231843,男性,2017/7/23
231844,男性,2017/7/24
231845,男性,2017/7/25
231846,男性,2017/7/26
231847,男性,2017/7/27
231848,男性,2017/7/28
231849,男性,2017/7/29
231850,男性,2017/7/30
231851,男性,2017/7/31
231852,男性,2017/8/1
231853,男性,2017/8/2
231854,男性,2017/8/3
231855,男性,2017/8/4
231856,男性,2017/8/5
231857,男性,2017/8/6
231858,男性,2017/8/7
231859,男性,2017/8/8
231860,男性,2017/8/9
231861,男性,2017/8/10
231862,男性,2017/8/11
231863,男性,2017/8/12
231864,男性,2017/8/13
231865,男性,2017/8/14
231866,男性,2017/8/15
231867,男性,2017/8/16
231868,男性,2017/8/17
231869,男性,2017/8/18
231870,男性,2017/8/19
231871,男性,2017/8/20
231872,男性,2017/8/21
231873,男性,2017/8/22
231874,男性,2017/8/23
231875,男性,2017/8/24
231876,男性,2017/8/25
231877,男性,2017/8/26
231878,男性,2017/8/27
231879,男性,2017/8/28
231880,男性,2017/8/29
231881,男性,2017/8/30
231882,男性,2017/8/31
231883,男性,2017/9/1
231884,男性,2017/9/2
231885,男性,2017/9/3
231886,男性,2017/9/4
231887,男性,2017/9/5
231888,男性,2017/9/6
231889,男性,2017/9/7
231890,男性,2017/9/8
231891,男性,2017/9/9
231892,男性,2017/9/10
231893,男性,2017/9/11
231894,男性,2017/9/12
231895,男性,2017/9/13
231896,男性,2017/9/14
231897,男性,2017/9/15
231898,男性,2017/9/16
231899,男性,2017/9/17
231900,男性,2017/9/18
231901,男性,2017/9/19
231902,男性,2017/9/20
231903,男性,2017/9/21
231904,男性,2017/9/22
231905,男性,2017/9/23
231906,男性,2017/9/24
231907,男性,2017/9/25
231908,男性,2017/9/26
231909,男性,2017/9/27
231910,男性,2017/9/28
231911,男性,2017/9/29
231912,男性,2017/9/30
231913,男性,2017/10/1
231914,男性,2017/10/2
231915,男性,2017/10/3
231916,男性,2017/10/4
231917,男性,2017/10/5
231918,男性,2017/10/6
231919,男性,2017/10/7
231920,男性,2017/10/8
231921,男性,2017/10/9
231922,男性,2017/10/10
231923,男性,2017/10/11
231924,男性,2017/10/12
231925,男性,2017/10/13
231926,男性,2017/10/14
231927,男性,2017/10/15
231928,男性,2017/10/16
231929,男性,2017/10/17
231930,男性,2017/10/18
231931,男性,2017/10/19
231932,男性,2017/10/20
231933,男性,2017/10/21
231934,男性,2017/10/22
231935,男性,2017/10/23
231936,男性,2017/10/24
231937,男性,2017/10/25
231938,男性,2017/10/26
231939,男性,2017/10/27
231940,男性,2017/10/28
231941,男性,2017/10/29
231942,男性,2017/10/30
231943,男性,2017/10/31
231944,男性,2017/11/1
231945,男性,2017/11/2
231946,男性,2017/11/3
231947,男性,2017/11/4
231948,男性,2017/11/5
231949,男性,2017/11/6
231950,男性,2017/11/7
231951,男性,2017/11/8
231952,男性,2017/11/9
231953,男性,2017/11/10
231954,男性,2017/11/11
231955,男性,2017/11/12
231956,男性,2017/11/13
231957,男性,2017/11/14
231958,男性,2017/11/15
231959,男性,2017/11/16
231960,男性,2017/11/17
231961,男性,2017/11/18
231962,男性,2017/11/19
231963,男性,2017/11/20
231964,男性,2017/11/21
231965,男性,2017/11/22
231966,男性,2017/11/23
231967,男性,2017/11/24
231968,男性,2017/11/25
231969,男性,2017/11/26
231970,男性,2017/11/27
231971,男性,2017/11/28
231972,男性,2017/11/29
231973,男性,2017/11/30
231974,男性,2017/12/1
231975,男性,2017/12/2
231976,男性,2017/12/3
231977,男性,2017/12/4
231978,男性,2017/12/5
231979,男性,2017/12/6
231980,男性,2017/12/7
231981,男性,2017/12/8
231982,男性,2017/12/9
231983,男性,2017/12/10
231984,男性,2017/12/11
231985,男性,2017/12/12
231986,男性,2017/12/13
231987,男性,2017/12/14
231988,男性,2017/12/15
231989,男性,2017/12/16
231990,男性,2017/12/17
231991,男性,2017/12/18
231992,男性,2017/12/19
231993,男性,2017/12/20
231994,男性,2017/12/21
231995,男性,2017/12/22
231996,男性,2017/12/23
231997,男性,2017/12/24
231998,男性,2017/12/25
231999,男性,2017/12/26
232000,男性,2017/12/27
232001,男性,2017/12/28
232002,男性,2017/12/29
232003,男性,2017/12/30
232004,男性,2017/12/31
232005,男性,2018/1/1
232006,男性,2018/1/2
232007,男性,2018/1/3
232008,男性,2018/1/4
232009,男性,2018/1/5
232010,男性,2018/1/6
232011,男性,2018/1/7
232012,男性,2018/1/8
232013,男性,2018/1/9
232014,男性,2018/1/10
232015,男性,2018/1/11
232016,男性,2018/1/12
232017,男性,2018/1/13
232018,男性,2018/1/14
232019,男性,2018/1/15
232020,男性,2018/1/16
232021,男性,2018/1/17
232022,男性,2018/1/18
232023,男性,2018/1/19
232024,男性,2018/1/20
232025,男性,2018/1/21
232026,男性,2018/1/22
232027,男性,2018/1/23
232028,男性,2018/1/24
232029,男性,2018/1/25
232030,男性,2018/1/26
232031,男性,2018/1/27
232032,男性,2018/1/28
232033,男性,2018/1/29
232034,男性,2018/1/30
232035,男性,2018/1/31
232036,男性,2018/2/1
232037,男性,2018/2/2
232038,男性,2018/2/3
232039,男性,2018/2/4
232040,男性,2018/2/5
232041,男性,2018/2/6
232042,男性,2018/2/7
232043,男性,2018/2/8
232044,男性,2018/2/9
232045,男性,2018/2/10
232046,男性,2018/2/11
232047,男性,2018/2/12
232048,男性,2018/2/13
232049,男性,2018/2/14
232050,男性,2018/2/15
232051,男性,2018/2/16
232052,男性,2018/2/17
232053,男性,2018/2/18
232054,男性,2018/2/19
232055,男性,2018/2/20
232056,男性,2018/2/21
232057,男性,2018/2/22
232058,男性,2018/2/23
232059,男性,2018/2/24
232060,男性,2018/2/25
232061,男性,2018/2/26
232062,男性,2018/2/27
232063,男性,2018/2/28
232064,男性,2018/3/1
232065,男性,2018/3/2
232066,男性,2018/3/3
232067,男性,2018/3/4
232068,男性,2018/3/5
232069,男性,2018/3/6
232070,男性,2018/3/7
232071,男性,2018/3/8
232072,男性,2018/3/9
232073,男性,2018/3/10
232074,男性,2018/3/11
232075,男性,2018/3/12
232076,男性,2018/3/13
232077,男性,2018/3/14
232078,男性,2018/3/15
232079,男性,2018/3/16
232080,男性,2018/3/17
232081,男性,2018/3/18
232082,男性,2018/3/19
232083,男性,2018/3/20
232084,男性,2018/3/21
232085,男性,2018/3/22
232086,男性,2018/3/23
232087,男性,2018/3/24
232088,男性,2018/3/25
232089,男性,2018/3/26
232090,男性,2018/3/27
232091,男性,2018/3/28
232092,男性,2018/3/29
232093,男性,2018/3/30
232094,男性,2018/3/31
232095,男性,2018/4/1
232096,男性,2018/4/2
232097,男性,2018/4/3
232098,男性,2018/4/4
232099,男性,2018/4/5
232100,男性,2018/4/6
232101,男性,2018/4/7
232102,男性,2018/4/8
232103,男性,2018/4/9
232104,男性,2018/4/10
232105,男性,2018/4/11
232106,男性,2018/4/12
232107,男性,2018/4/13
232108,男性,2018/4/14
232109,男性,2018/4/15
232110,男性,2018/4/16
232111,男性,2018/4/17
232112,男性,2018/4/18
232113,男性,2018/4/19
232114,男性,2018/4/20
232115,男性,2018/4/21
232116,男性,2017/6/1
232117,男性,2017/6/2
232118,男性,2017/6/3
232119,男性,2017/6/4
232120,男性,2017/6/5
232121,男性,2017/6/6
232122,男性,2017/6/7
232123,男性,2017/6/8
232124,男性,2017/6/9
232125,男性,2017/6/10
232126,男性,2017/6/11
232127,男性,2017/6/12
232128,男性,2017/6/13
232129,男性,2017/6/14
232130,男性,2017/6/15
232131,男性,2017/6/16
232132,男性,2017/6/17
232133,男性,2017/6/18
232134,男性,2017/6/19
232135,男性,2017/6/20
232136,男性,2017/6/21
232137,男性,2017/6/22
232138,男性,2017/6/23
232139,男性,2017/6/24
232140,男性,2017/6/25
232141,男性,2017/6/26
232142,男性,2017/6/27
232143,男性,2017/6/28
232144,男性,2017/6/29
232145,男性,2017/6/30
232146,男性,2017/7/1
232147,男性,2017/7/2
232148,男性,2017/7/3
232149,男性,2017/7/4
232150,男性,2017/7/5
232151,男性,2017/7/6
232152,男性,2017/7/7
232153,男性,2017/7/8
232154,男性,2017/7/9
232155,男性,2017/7/10
232156,男性,2017/7/11
232157,男性,2017/7/12
232158,男性,2017/7/13
232159,男性,2017/7/14
232160,男性,2017/7/15
232161,男性,2017/7/16
232162,男性,2017/7/17
232163,男性,2017/7/18
232164,男性,2017/7/19
232165,男性,2017/7/20
232166,男性,2017/7/21
232167,男性,2017/7/22
232168,男性,2017/7/23
232169,男性,2017/7/24
232170,男性,2017/7/25
232171,男性,2017/7/26
232172,男性,2017/7/27
232173,男性,2017/7/28
232174,男性,2017/7/29
232175,男性,2017/7/30
232176,男性,2017/7/31
232177,男性,2017/8/1
232178,男性,2017/8/2
232179,男性,2017/8/3
232180,男性,2017/8/4
232181,男性,2017/8/5
232182,男性,2017/8/6
232183,男性,2017/8/7
232184,男性,2017/8/8
232185,男性,2017/8/9
232186,男性,2017/8/10
232187,男性,2017/8/11
232188,男性,2017/8/12
232189,男性,2017/8/13
232190,男性,2017/8/14
232191,男性,2017/8/15
232192,男性,2017/8/16
232193,男性,2017/8/17
232194,男性,2017/8/18
232195,男性,2017/8/19
232196,男性,2017/8/20
232197,男性,2017/8/21
232198,男性,2017/8/22
232199,男性,2017/8/23
232200,男性,2017/8/24
232201,男性,2017/8/25
232202,男性,2017/8/26
232203,男性,2017/8/27
232204,男性,2017/8/28
232205,男性,2017/8/29
232206,男性,2017/8/30
232207,男性,2017/8/31
232208,男性,2017/9/1
232209,男性,2017/9/2
232210,男性,2017/9/3
232211,男性,2017/9/4
232212,男性,2017/9/5
232213,男性,2017/9/6
232214,男性,2017/9/7
232215,男性,2017/9/8
232216,男性,2017/9/9
232217,男性,2017/9/10
232218,男性,2017/9/11
232219,男性,2017/9/12
232220,男性,2017/9/13
232221,男性,2017/9/14
232222,男性,2017/9/15
232223,男性,2017/9/16
232224,男性,2017/9/17
232225,男性,2017/9/18
232226,男性,2017/9/19
232227,男性,2017/9/20
232228,男性,2017/9/21
232229,男性,2017/9/22
232230,男性,2017/9/23
232231,男性,2017/9/24
232232,男性,2017/9/25
232233,男性,2017/9/26
232234,男性,2017/9/27
232235,男性,2017/9/28
232236,男性,2017/9/29
232237,男性,2017/9/30
232238,男性,2017/10/1
232239,男性,2017/10/2
232240,男性,2017/10/3
232241,男性,2017/10/4
232242,男性,2017/10/5
232243,男性,2017/10/6
232244,男性,2017/10/7
232245,男性,2017/10/8
232246,男性,2017/10/9
232247,男性,2017/10/10
232248,男性,2017/10/11
232249,男性,2017/10/12
232250,男性,2017/10/13
232251,男性,2017/10/14
232252,男性,2017/10/15
232253,男性,2017/10/16
232254,男性,2017/10/17
232255,男性,2017/10/18
232256,男性,2017/10/19
232257,男性,2017/10/20
232258,男性,2017/10/21
232259,男性,2017/10/22
232260,男性,2017/10/23
232261,男性,2017/10/24
232262,男性,2017/10/25
232263,男性,2017/10/26
232264,男性,2017/10/27
232265,男性,2017/10/28
232266,男性,2017/10/29
232267,男性,2017/10/30
232268,男性,2017/10/31
232269,男性,2017/11/1
232270,男性,2017/11/2
232271,男性,2017/11/3
232272,男性,2017/11/4
232273,男性,2017/11/5
232274,男性,2017/11/6
232275,男性,2017/11/7
232276,男性,2017/11/8
232277,男性,2017/11/9
232278,男性,2017/11/10
232279,男性,2017/11/11
232280,男性,2017/6/1
232281,男性,2017/6/2
232282,男性,2017/6/3
232283,男性,2017/6/4
232284,男性,2017/6/5
232285,男性,2017/6/6
232286,男性,2017/6/7
232287,男性,2017/6/8
232288,男性,2017/6/9
232289,男性,2017/6/10
232290,男性,2017/6/11
232291,男性,2017/6/12
232292,男性,2017/6/13
232293,男性,2017/6/14
232294,男性,2017/6/15
232295,男性,2017/6/16
232296,男性,2017/6/17
232297,男性,2017/6/18
232298,男性,2017/6/19
232299,男性,2017/6/20
232300,男性,2017/6/21
232301,男性,2017/6/22
232302,男性,2017/6/23
232303,男性,2017/6/24
232304,男性,2017/6/25
232305,男性,2017/6/26
232306,男性,2017/6/27
232307,男性,2017/6/28
232308,男性,2017/6/29
232309,男性,2017/6/30
232310,男性,2017/7/1
232311,男性,2017/7/2
232312,男性,2017/7/3
232313,男性,2017/7/4
232314,男性,2017/7/5
232315,男性,2017/7/6
232316,男性,2017/7/7
232317,男性,2017/7/8
232318,男性,2017/7/9
232319,男性,2017/7/10
232320,男性,2017/7/11
232321,男性,2017/7/12
232322,男性,2017/7/13
232323,男性,2017/7/14
232324,男性,2017/7/15
232325,男性,2017/7/16
232326,男性,2017/7/17
232327,男性,2017/7/18
232328,男性,2017/7/19
232329,男性,2017/7/20
232330,男性,2017/7/21
232331,男性,2017/7/22
232332,男性,2017/7/23
232333,男性,2017/7/24
232334,男性,2017/7/25
232335,男性,2017/7/26
232336,男性,2017/7/27
232337,男性,2017/7/28
232338,男性,2017/7/29
232339,男性,2017/7/30
232340,男性,2017/7/31
232341,男性,2017/8/1
232342,男性,2017/8/2
232343,男性,2017/8/3
232344,男性,2017/8/4
232345,男性,2017/8/5
232346,男性,2017/8/6
232347,男性,2017/8/7
232348,男性,2017/8/8
232349,男性,2017/8/9
232350,男性,2017/8/10
232351,男性,2017/8/11
232352,男性,2017/8/12
232353,男性,2017/8/13
232354,男性,2017/8/14
232355,男性,2017/8/15
232356,男性,2017/8/16
232357,男性,2017/8/17
232358,男性,2017/8/18
232359,男性,2017/8/19
232360,男性,2017/8/20
232361,男性,2017/8/21
232362,男性,2017/8/22
232363,男性,2017/8/23
232364,男性,2017/8/24
232365,男性,2017/8/25
232366,男性,2017/8/26
232367,男性,2017/8/27
232368,男性,2017/8/28
232369,男性,2017/8/29
232370,男性,2017/8/30
232371,男性,2017/8/31
232372,男性,2017/9/1
232373,男性,2017/9/2
232374,男性,2017/9/3
232375,男性,2017/9/4
232376,男性,2017/9/5
232377,男性,2017/9/6
232378,男性,2017/9/7
232379,男性,2017/9/8
232380,男性,2017/9/9
232381,男性,2017/9/10
232382,男性,2017/9/11
232383,男性,2017/9/12
232384,男性,2017/9/13
232385,男性,2017/9/14
232386,男性,2017/9/15
232387,男性,2017/9/16
232388,男性,2017/9/17
232389,男性,2017/9/18
232390,男性,2017/9/19
232391,男性,2017/9/20
232392,男性,2017/9/21
232393,男性,2017/9/22
232394,男性,2017/9/23
232395,男性,2017/9/24
232396,男性,2017/9/25
232397,男性,2017/9/26
232398,男性,2017/9/27
232399,男性,2017/9/28
232400,男性,2017/9/29
232401,男性,2017/9/30
232402,男性,2017/10/1
232403,男性,2017/10/2
232404,男性,2017/10/3
232405,男性,2017/10/4
232406,男性,2017/10/5
232407,男性,2017/10/6
232408,男性,2017/10/7
232409,男性,2017/10/8
232410,男性,2017/10/9
232411,男性,2017/10/10
232412,男性,2017/10/11
232413,男性,2017/10/12
232414,男性,2017/10/13
232415,男性,2017/10/14
232416,男性,2017/10/15
232417,男性,2017/10/16
232418,男性,2017/10/17
232419,男性,2017/10/18
232420,男性,2017/10/19
232421,男性,2017/10/20
232422,男性,2017/10/21
232423,男性,2017/10/22
232424,男性,2017/10/23
232425,男性,2017/10/24
232426,男性,2017/10/25
232427,男性,2017/10/26
232428,男性,2017/10/27
232429,男性,2017/10/28
232430,男性,2017/10/29
232431,男性,2017/10/30
232432,男性,2017/10/31
232433,男性,2017/11/1
232434,男性,2017/11/2
232435,男性,2017/11/3
232436,男性,2017/11/4
232437,男性,2017/11/5
232438,男性,2017/11/6
232439,男性,2017/11/7
232440,男性,2017/11/8
232441,男性,2017/11/9
232442,男性,2017/11/10
232443,男性,2017/11/11
232444,男性,2017/11/12
232445,男性,2017/11/13
232446,男性,2017/11/14
232447,男性,2017/11/15
232448,男性,2017/11/16
232449,男性,2017/11/17
232450,男性,2017/11/18
232451,男性,2017/11/19
232452,男性,2017/11/20
232453,男性,2017/11/21
232454,男性,2017/11/22
232455,男性,2017/11/23
232456,男性,2017/11/24
232457,男性,2017/11/25
232458,男性,2017/11/26
232459,男性,2017/11/27
232460,男性,2017/11/28
232461,男性,2017/11/29
232462,男性,2017/11/30
232463,男性,2017/12/1
232464,男性,2017/12/2
232465,男性,2017/12/3
232466,男性,2017/12/4
232467,男性,2017/12/5
232468,男性,2017/12/6
232469,男性,2017/12/7
232470,男性,2017/12/8
232471,男性,2017/12/9
232472,男性,2017/12/10
232473,男性,2017/12/11
232474,男性,2017/12/12
232475,男性,2017/12/13
232476,男性,2017/12/14
232477,男性,2017/12/15
232478,男性,2017/12/16
232479,男性,2017/12/17
232480,男性,2017/12/18
232481,男性,2017/12/19
232482,男性,2017/12/20
232483,男性,2017/12/21
232484,男性,2017/12/22
232485,男性,2017/12/23
232486,男性,2017/12/24
232487,男性,2017/12/25
232488,男性,2017/12/26
232489,男性,2017/12/27
232490,男性,2017/12/28
232491,男性,2017/12/29
232492,男性,2017/12/30
232493,男性,2017/12/31
232494,男性,2018/1/1
232495,男性,2018/1/2
232496,男性,2018/1/3
232497,男性,2018/1/4
232498,男性,2018/1/5
232499,男性,2018/1/6
232500,男性,2018/1/7
232501,男性,2018/1/8
232502,男性,2018/1/9
232503,男性,2018/1/10
232504,男性,2018/1/11
232505,男性,2018/1/12
232506,男性,2018/1/13
232507,男性,2018/1/14
232508,男性,2018/1/15
232509,男性,2018/1/16
232510,男性,2018/1/17
232511,男性,2018/1/18
232512,男性,2018/1/19
232513,男性,2018/1/20
232514,男性,2018/1/21
232515,男性,2018/1/22
232516,男性,2018/1/23
232517,男性,2018/1/24
232518,男性,2018/1/25
232519,男性,2018/1/26
232520,男性,2018/1/27
232521,男性,2018/1/28
232522,男性,2018/1/29
232523,男性,2018/1/30
232524,男性,2018/1/31
232525,男性,2018/2/1
232526,男性,2018/2/2
232527,男性,2018/2/3
232528,男性,2018/2/4
232529,男性,2018/2/5
232530,男性,2018/2/6
232531,男性,2018/2/7
232532,男性,2018/2/8
232533,男性,2018/2/9
232534,男性,2018/2/10
232535,男性,2018/2/11
232536,男性,2018/2/12
232537,男性,2018/2/13
232538,男性,2018/2/14
232539,男性,2018/2/15
232540,男性,2018/2/16
232541,男性,2018/2/17
232542,男性,2018/2/18
232543,男性,2018/2/19
232544,男性,2018/2/20
232545,男性,2018/2/21
232546,男性,2018/2/22
232547,男性,2018/2/23
232548,男性,2018/2/24
232549,男性,2018/2/25
232550,男性,2018/2/26
232551,男性,2018/2/27
232552,男性,2018/2/28
232553,男性,2018/3/1
232554,男性,2018/3/2
232555,男性,2018/3/3
232556,男性,2018/3/4
232557,男性,2018/3/5
232558,男性,2018/3/6
232559,男性,2018/3/7
232560,男性,2018/3/8
232561,男性,2018/3/9
232562,男性,2018/3/10
232563,男性,2018/3/11
232564,男性,2018/3/12
232565,男性,2018/3/13
232566,男性,2018/3/14
232567,男性,2018/3/15
232568,男性,2018/3/16
232569,男性,2018/3/17
232570,男性,2018/3/18
232571,男性,2018/3/19
232572,男性,2018/3/20
232573,男性,2018/3/21
232574,男性,2018/3/22
232575,男性,2018/3/23
232576,男性,2018/3/24
232577,男性,2018/3/25
232578,男性,2018/3/26
232579,男性,2018/3/27
232580,男性,2018/3/28
232581,男性,2018/3/29
232582,男性,2018/3/30
232583,男性,2018/3/31
232584,男性,2018/4/1
232585,男性,2018/4/2
232586,男性,2018/4/3
232587,男性,2018/4/4
232588,男性,2018/4/5
232589,男性,2018/4/6
232590,男性,2018/4/7
232591,男性,2018/4/8
232592,男性,2018/4/9
232593,男性,2018/4/10
232594,男性,2018/4/11
232595,男性,2018/4/12
232596,男性,2018/4/13
232597,男性,2018/4/14
232598,男性,2018/4/15
232599,男性,2018/4/16
232600,男性,2018/4/17
232601,男性,2018/4/18
232602,男性,2018/4/19
232603,男性,2018/4/20
232604,男性,2018/4/21
232605,男性,2017/6/1
232606,男性,2017/6/2
232607,男性,2017/6/3
232608,男性,2017/6/4
232609,男性,2017/6/5
232610,男性,2017/6/6
232611,女性,2017/6/7
232612,女性,2017/6/8
232613,女性,2017/7/8
232614,女性,2017/7/9
232615,女性,2017/7/10
232616,女性,2017/7/11
232617,女性,2017/7/12
232618,女性,2017/7/13
232619,女性,2017/7/14
232620,女性,2017/7/15
232621,女性,2017/7/16
232622,女性,2017/7/17
232623,女性,2017/7/18
232624,女性,2017/7/19
232625,女性,2017/7/20
232626,女性,2017/7/21
